Area Code ,Area Type  ,Area Name,Coordinates,
1,Area,Qawra Flood Zone ,"Polygon( (14.424904974509417 35.95866558205259, 14.406306227464881 35.948937404934426, 14.41918228311053 35.944999468851805, 14.424046570799504 35.957507528550934, 14.424904974509417 35.95866558205259))",
2,Area,Rabat Gozo Accumulation ,"Polygon( (14.227186478795375 36.05032950051961, 14.227186478795375 36.03644788256122, 14.255513801215073 36.03621650152749, 14.255227666645993 36.050098160276264, 14.22690034422493 36.050098160276264, 14.424904974509417 35.95866558205259, 14.227186478795375 36.05032950051961))",
3,Area,Floriana Peninsula,"Polygon( (14.517876408092604 35.90339856736989, 14.498127429071673 35.89327493963715, 14.504761851711663 35.88740014231182, 14.517722119193706 35.8971495673874, 14.517722119193706 35.90327359220508, 14.517876408092604 35.90339856736989))",
4,Shore ,Malta Shoreline ,"LINESTRING (14.37393659957712 35.987650390680955, 14.36829062196702 35.99754798498368, 14.32155447398182 35.97445166659642, 14.33410109089067 35.89622936290196, 14.392756524939614 35.842343077406085, 14.517595363182807 35.807246469980555, 14.562135853209469 35.81869272106009, 14.572486812158331 35.86827407181937, 14.479641847033008 35.93662002280658, 14.37393659957712 35.987650390680955)",
5,Shore ,Gozo Shoreline,"LINESTRING(14.254744604640194 36.075670364581555, 14.227769378285814 36.08074053997012, 14.184169884529041 36.07212104730122, 14.19201152009606 36.03509719455532, 14.264154567322237 36.0130267557505, 14.325319324752883 36.02875574745467, 14.335983949124994 36.03332164082913, 14.308695057348928 36.05842932314236, 14.254744604640194 36.075670364581555)",
